Workbook

Sheet Summary
A1: Moonlit Heist: Improvement Tracker
A2: Counts below update from the Status, Phase, Impact and Effort columns on the Improvements sheet.
A4: Overall | B4: Count
A5: Total items | B5: =COUNTA(Improvements!$A$2:$A$62) -> 61
A6: To do | B6: =COUNTIF(Improvements!$H$2:$H$62,"To do") -> 61
A7: In progress | B7: =COUNTIF(Improvements!$H$2:$H$62,"In progress") -> 0
A8: Done | B8: =COUNTIF(Improvements!$H$2:$H$62,"Done") -> 0
A9: Skipped | B9: =COUNTIF(Improvements!$H$2:$H$62,"Skipped") -> 0
A10: Percent done (excluding skipped) | B10: =IFERROR(B8/(B5-B9),0) -> 0
A12: By category | B12: Items | C12: Done | D12: % done
A13: Navigation and flow | B13: =COUNTIF(Improvements!$B$2:$B$62,A13) -> 11 | C13: =COUNTIFS(Improvements!$B$2:$B$62,A13,Improvements!$H$2:$H$62,"Done") -> 0 | D13: =IFERROR(C13/B13,0) -> 0
A14: Gameplay and design | B14: =COUNTIF(Improvements!$B$2:$B$62,A14) -> 12 | C14: =COUNTIFS(Improvements!$B$2:$B$62,A14,Improvements!$H$2:$H$62,"Done") -> 0 | D14: =IFERROR(C14/B14,0) -> 0
A15: Scoring and balance | B15: =COUNTIF(Improvements!$B$2:$B$62,A15) -> 7 | C15: =COUNTIFS(Improvements!$B$2:$B$62,A15,Improvements!$H$2:$H$62,"Done") -> 0 | D15: =IFERROR(C15/B15,0) -> 0
A16: Content and story | B16: =COUNTIF(Improvements!$B$2:$B$62,A16) -> 7 | C16: =COUNTIFS(Improvements!$B$2:$B$62,A16,Improvements!$H$2:$H$62,"Done") -> 0 | D16: =IFERROR(C16/B16,0) -> 0
A17: UI and QoL | B17: =COUNTIF(Improvements!$B$2:$B$62,A17) -> 9 | C17: =COUNTIFS(Improvements!$B$2:$B$62,A17,Improvements!$H$2:$H$62,"Done") -> 0 | D17: =IFERROR(C17/B17,0) -> 0
A18: Code quality | B18: =COUNTIF(Improvements!$B$2:$B$62,A18) -> 7 | C18: =COUNTIFS(Improvements!$B$2:$B$62,A18,Improvements!$H$2:$H$62,"Done") -> 0 | D18: =IFERROR(C18/B18,0) -> 0
A19: Bugs and risks | B19: =COUNTIF(Improvements!$B$2:$B$62,A19) -> 4 | C19: =COUNTIFS(Improvements!$B$2:$B$62,A19,Improvements!$H$2:$H$62,"Done") -> 0 | D19: =IFERROR(C19/B19,0) -> 0
A20: Testing and presentation | B20: =COUNTIF(Improvements!$B$2:$B$62,A20) -> 4 | C20: =COUNTIFS(Improvements!$B$2:$B$62,A20,Improvements!$H$2:$H$62,"Done") -> 0 | D20: =IFERROR(C20/B20,0) -> 0
A21: Total | B21: =SUM(B13:B20) -> 61 | C21: =SUM(C13:C20) -> 0 | D21: =IFERROR(C21/B21,0) -> 0 | E21: =IF(B21=B5,"OK","Mismatch") -> OK
A23: By phase | B23: Items | C23: Done | D23: % done
A24: Phase 1 | B24: =COUNTIF(Improvements!$G$2:$G$62,A24) -> 6 | C24: =COUNTIFS(Improvements!$G$2:$G$62,A24,Improvements!$H$2:$H$62,"Done") -> 0 | D24: =IFERROR(C24/B24,0) -> 0
A25: Phase 2 | B25: =COUNTIF(Improvements!$G$2:$G$62,A25) -> 9 | C25: =COUNTIFS(Improvements!$G$2:$G$62,A25,Improvements!$H$2:$H$62,"Done") -> 0 | D25: =IFERROR(C25/B25,0) -> 0
A26: Phase 3 | B26: =COUNTIF(Improvements!$G$2:$G$62,A26) -> 7 | C26: =COUNTIFS(Improvements!$G$2:$G$62,A26,Improvements!$H$2:$H$62,"Done") -> 0 | D26: =IFERROR(C26/B26,0) -> 0
A27: Phase 4 | B27: =COUNTIF(Improvements!$G$2:$G$62,A27) -> 10 | C27: =COUNTIFS(Improvements!$G$2:$G$62,A27,Improvements!$H$2:$H$62,"Done") -> 0 | D27: =IFERROR(C27/B27,0) -> 0
A28: Backlog | B28: =COUNTIF(Improvements!$G$2:$G$62,A28) -> 29 | C28: =COUNTIFS(Improvements!$G$2:$G$62,A28,Improvements!$H$2:$H$62,"Done") -> 0 | D28: =IFERROR(C28/B28,0) -> 0
A30: Impact vs effort (item count) | B30: S | C30: M | D30: L
A31: High | B31: =COUNTIFS(Improvements!$E$2:$E$62,$A31,Improvements!$F$2:$F$62,B$30) -> 4 | C31: =COUNTIFS(Improvements!$E$2:$E$62,$A31,Improvements!$F$2:$F$62,C$30) -> 4 | D31: =COUNTIFS(Improvements!$E$2:$E$62,$A31,Improvements!$F$2:$F$62,D$30) -> 1
A32: Med | B32: =COUNTIFS(Improvements!$E$2:$E$62,$A32,Improvements!$F$2:$F$62,B$30) -> 14 | C32: =COUNTIFS(Improvements!$E$2:$E$62,$A32,Improvements!$F$2:$F$62,C$30) -> 12 | D32: =COUNTIFS(Improvements!$E$2:$E$62,$A32,Improvements!$F$2:$F$62,D$30) -> 0
A33: Low | B33: =COUNTIFS(Improvements!$E$2:$E$62,$A33,Improvements!$F$2:$F$62,B$30) -> 20 | C33: =COUNTIFS(Improvements!$E$2:$E$62,$A33,Improvements!$F$2:$F$62,C$30) -> 4 | D33: =COUNTIFS(Improvements!$E$2:$E$62,$A33,Improvements!$F$2:$F$62,D$30) -> 2
A35: Notes
A36: Effort: S = under an hour, M = a few hours, L = a day or more.
A37: Where the original list gave a range (S-M), Effort is set to M.
A38: Phases come from the suggested order: Phase 1 first (small, high impact), then 2, 3 and 4.
A39: Value score (Improvements, column K) = impact weight (High 3, Med 2, Low 1) divided by effort weight (S 1, M 2, L 3). Higher means better return for the work.
A40: Cells to edit: Phase, Status, Owner and Notes (cream background, blue text) on the Improvements sheet.
A41: Item 53 (library rules) is High impact only if the rubric limits libraries; ask the instructor.

Sheet Improvements
A1: ID | B1: Category | C1: Item | D1: Why / where in game.cpp | E1: Impact | F1: Effort | G1: Phase | H1: Status | I1: Owner | J1: Notes | K1: Value score
A2: 1 | B2: Navigation and flow | C2: Back navigation in deduction | D2: deduction() is a fixed 4-step chain. Steps 2 to 4 use askChoice(5, false), so there is no 0 option. | E2: High | F2: S | G2: Phase 1 | H2: To do | K2: =IF(E2="High",3,IF(E2="Med",2,1))/IF(F2="S",1,IF(F2="M",2,3)) -> 3
A3: 2 | B3: Navigation and flow | C3: Confirmation screen before submitting | D3: Show the 4 choices with Confirm / Change an answer. One wrong pick currently ends the game. | E3: High | F3: S | G3: Phase 1 | H3: To do | K3: =IF(E3="High",3,IF(E3="Med",2,1))/IF(F3="S",1,IF(F3="M",2,3)) -> 3
A4: 3 | B4: Navigation and flow | C4: Dialogue log (L key) | D4: waitKey() moves on and the reply is gone. Store the last N lines in an array like notes. | E4: High | F4: M | G4: Phase 2 | H4: To do | K4: =IF(E4="High",3,IF(E4="Med",2,1))/IF(F4="S",1,IF(F4="M",2,3)) -> 1.5
A5: 4 | B5: Navigation and flow | C5: C and N hotkeys inside interviews and deduction | D5: Case File and Notes only work in exploreLoop(). The player can't check the evidence log while choosing evidence. | E5: High | F5: M | G5: Phase 1 | H5: To do | K5: =IF(E5="High",3,IF(E5="Med",2,1))/IF(F5="S",1,IF(F5="M",2,3)) -> 1.5
A6: 5 | B6: Navigation and flow | C6: Page back in Notes | D6: showNotes() only goes forward through its pages. | E6: Med | F6: S | G6: Backlog | H6: To do | K6: =IF(E6="High",3,IF(E6="Med",2,1))/IF(F6="S",1,IF(F6="M",2,3)) -> 2
A7: 6 | B7: Navigation and flow | C7: Confirm on Q | D7: Q returns to the menu and wipes all progress with no warning. | E7: Med | F7: S | G7: Phase 2 | H7: To do | K7: =IF(E7="High",3,IF(E7="Med",2,1))/IF(F7="S",1,IF(F7="M",2,3)) -> 2
A8: 7 | B8: Navigation and flow | C8: Arrow keys in the exploration map | D8: They work only in the main menu (readMenuKey). | E8: Med | F8: S | G8: Backlog | H8: To do | K8: =IF(E8="High",3,IF(E8="Med",2,1))/IF(F8="S",1,IF(F8="M",2,3)) -> 2
A9: 8 | B9: Navigation and flow | C9: Esc as Back | D9: Treat Esc as 0 in askChoice. Careful on Mac/Linux, where arrow keys also start with Esc. | E9: Low | F9: S | G9: Backlog | H9: To do | K9: =IF(E9="High",3,IF(E9="Med",2,1))/IF(F9="S",1,IF(F9="M",2,3)) -> 1
A10: 9 | B10: Navigation and flow | C10: Quick profile view during an interview | D10: Let the player open the suspect's file with one key. | E10: Low | F10: S | G10: Backlog | H10: To do | K10: =IF(E10="High",3,IF(E10="Med",2,1))/IF(F10="S",1,IF(F10="M",2,3)) -> 1
A11: 10 | B11: Navigation and flow | C11: Retry deduction after Game Over | D11: playGame() calls resetGame() and wipes everything. Offer retry deduction as an easy mode; keep full restart as default. | E11: Med | F11: M | G11: Backlog | H11: To do | K11: =IF(E11="High",3,IF(E11="Med",2,1))/IF(F11="S",1,IF(F11="M",2,3)) -> 1
A12: 11 | B12: Navigation and flow | C12: Save and load | D12: Needs <fstream>, which isn't on the allowed library list. | E12: Low | F12: L | G12: Backlog | H12: To do | K12: =IF(E12="High",3,IF(E12="Med",2,1))/IF(F12="S",1,IF(F12="M",2,3)) -> 0.33333333
A13: 12 | B13: Gameplay and design | C13: Present Evidence option | D13: Doc says to question statements to uncover inconsistencies, but interviews only pick the best of 3 questions. Let the player pick evidence to catch a lie. | E13: High | F13: L | G13: Phase 3 | H13: To do | K13: =IF(E13="High",3,IF(E13="Med",2,1))/IF(F13="S",1,IF(F13="M",2,3)) -> 1
... A62: 61 | B62: Testing and presentation | C62: Update the flowcharts after changes | D62: Regenerate the four .mmd charts when the code changes. | E62: Low | F62: S | G62: Backlog | H62: To do | K62: =IF(E62="High",3,IF(E62="Med",2,1))/IF(F62="S",1,IF(F62="M",2,3)) -> 1
